method,AUC,Accuracy,Sensitivity,Specificity
LogisticRegression,0.5488135039273248,0.7151893663724195,0.6027633760716439,0.5448831829968969
RandomForest,0.5488135039273248,0.7151893663724195,0.6027633760716439,0.5448831829968969
SVM,0.5488135039273248,0.7151893663724195,0.6027633760716439,0.5448831829968969
