,mean_mir146a,mean_mir146b,mean_mir155,mean_mir203,mean_mir223,mean_mir381p,AGE,plaque_index,gingival_index,pocket_depth,bleeding_on_probing,number_of_missing_teeth
count,22.0,22.0,22.0,22.0,22.0,22.0,22.0,22.0,22.0,22.0,22.0,22.0
mean,-0.25441962909099564,-0.24666190235829513,-0.2930549978914488,-0.2921534566985817,-0.2603360957846128,-0.27432099612098265,26.772727272727273,1.0172727272727273,1.1395454545454546,2.787727272727272,34.75772727272727,0.8636363636363636
std,0.5263233925950489,0.5198558611791311,0.5233362570046595,0.4838229862160944,0.4678617215791345,0.4725335361037539,6.611186898567624,0.7123882155797987,0.7186526896294818,1.0021735037416084,31.210267073179953,1.166821263721167
min,-1.0895501722563656,-1.1512894778651215,-1.0921985817311113,-1.043836643328525,-1.0960067978026462,-1.1406154221623332,21.0,0.05,0.11,1.73,1.19,0.0
25%,-0.8906574392452188,-0.8383671216383941,-0.9546366920733182,-0.9348070441868876,-0.8275276131602773,-0.8322912832540303,22.0,0.4425,0.67,2.08,6.675,0.0
50%,0.03709342502623334,0.01985932974762117,5.705071831618724e-16,0.0004995631324470764,0.044180118466340706,0.017898737029091942,25.0,0.745,1.1400000000000001,2.285,24.04,0.0
75%,0.09148788865640993,0.07943731899048409,0.04121504096395674,0.055826152137815055,0.06542056051285622,0.05994851009196482,28.75,1.6199999999999999,1.7,3.35,57.4375,1.75
max,0.2280968851016631,0.27472072817542453,0.20099023131312374,0.12214312481159417,0.09248695158301833,0.11425769249199795,49.0,2.22,2.76,4.5,92.26,4.0
