,mean_mir146a,mean_mir146b,mean_mir155,mean_mir203,mean_mir223,mean_mir381p,AGE,plaque_index,gingival_index,pocket_depth,bleeding_on_probing,number_of_missing_teeth
count,86.0,86.0,86.0,86.0,86.0,86.0,86.0,86.0,86.0,86.0,86.0,86.0
mean,-0.37392773833622056,-0.3631319496396644,-0.35690656890710665,-0.38175317544603654,-0.36984619411337266,-0.36644799314250903,25.3953488372093,1.1023255813953488,1.1252325581395348,2.680581395348837,30.935000000000002,0.5930232558139535
std,0.5252039969788935,0.5161081558696102,0.5081534530528521,0.5174595393572875,0.5134222472609925,0.5086647148573273,4.8586589042110395,0.6944581881600931,0.571043887762601,0.9763308921384759,27.127158553310935,1.0333031782958637
min,-1.1797923878340526,-1.1457729962763747,-1.10397430714732,-1.1427500940961959,-1.1547517906487132,-1.1881819289488114,20.0,0.1,0.1,1.63,0.0,0.0
25%,-0.9547404848756111,-0.9462143148531229,-0.9407199249059492,-0.952791307588156,-0.9571549944115975,-0.9797719749982446,22.0,0.5025,0.7124999999999999,1.98,8.93,0.0
50%,-0.0027681666416822263,-0.0027582407943730768,0.0021410413497163204,-0.0007493443239968243,-0.0033984709313507385,-0.001961505699904149,24.0,0.9450000000000001,1.0750000000000002,2.21,20.5,0.0
75%,0.04775086460363308,0.04551096400496486,0.048708685286515487,0.04396153354963009,0.062871707860526,0.0598259161236393,27.0,1.5925,1.5075,3.475,48.675,1.0
max,0.3410380614940912,0.3078196110881255,0.36210357381056063,0.2635194201062276,0.25707003207392565,0.2167463529912664,49.0,2.7,2.5,4.8,100.0,4.0
