,mean_mir146a,mean_mir146b,mean_mir155,mean_mir203,mean_mir223,mean_mir381p,AGE,plaque_index,gingival_index,pocket_depth,bleeding_on_probing,number_of_missing_teeth
count,86.0,86.0,86.0,86.0,86.0,86.0,86.0,86.0,86.0,86.0,86.0,86.0
mean,-0.3702371814852482,-0.36338058182830635,-0.3628837963225872,-0.3822450414960711,-0.3592530689302099,-0.3506033347655877,25.3953488372093,1.1023255813953488,1.1252325581395348,2.680581395348837,30.935000000000002,0.5930232558139535
std,0.5238987820211285,0.5204144402408274,0.5135827363573057,0.5191452865753674,0.5033419675360825,0.48928986793961354,4.8586589042110395,0.6944581881600931,0.571043887762601,0.9763308921384759,27.127158553310935,1.0333031782958637
min,-1.174099129936422,-1.152551800230518,-1.1179334588696335,-1.1457210881572344,-1.1287482152699602,-1.1410377352428018,20.0,0.1,0.1,1.63,0.0,0.0
25%,-0.9496065165334764,-0.9513280483735203,-0.9529348116103689,-0.9551434658339275,-0.9350309372840349,-0.9405660377428571,22.0,0.5025,0.7124999999999999,1.98,8.93,0.0
50%,2.168404344971009e-19,0.0,0.0,0.0,-2.168404344971009e-19,0.0,24.0,0.9450000000000001,1.0750000000000002,2.21,20.5,0.0
75%,0.05039348346652368,0.0486719516264797,0.04706518838963104,0.04485653416607248,0.06496906271596518,0.059433962257142946,27.0,1.5925,1.5075,3.475,48.675,1.0
max,0.34295181530929675,0.31316924001383767,0.3638084938647812,0.2651296826288085,0.2553545926053497,0.21037735893745568,49.0,2.7,2.5,4.8,100.0,4.0
