,mean_mir146a,mean_mir146b,mean_mir155,mean_mir203,mean_mir223,mean_mir381p,AGE,plaque_index,gingival_index,pocket_depth,bleeding_on_probing,number_of_missing_teeth
count,22.0,22.0,22.0,22.0,22.0,22.0,22.0,22.0,22.0,22.0,22.0,22.0
mean,-0.2510260687835727,-0.2459387360225026,-0.29835001353330914,-0.2923534304070297,-0.25189303797727064,-0.2619854202735649,26.772727272727273,1.0172727272727273,1.1395454545454546,2.787727272727272,34.75772727272727,0.8636363636363636
std,0.5250153957622214,0.5241934155169603,0.5289277585200002,0.48539915438195697,0.4586759547931109,0.45453491214167285,6.611186898567624,0.7123882155797987,0.7186526896294818,1.0021735037416084,31.210267073179953,1.166821263721167
min,-1.0840811805301112,-1.1581143100367606,-1.106031917621581,-1.046485403356214,-1.0711565927024218,-1.0952830187387632,21.0,0.05,0.11,1.73,1.19,0.0
25%,-0.8856827274018484,-0.8425810036890202,-0.9670002702235596,-0.9371006144278162,-0.8079485962408315,-0.798702829858643,22.0,0.4425,0.67,2.08,6.675,0.0
50%,0.039762529311222615,0.02280628620058674,-0.0021639169594047537,0.0012529760687898135,0.04664445478898689,0.019103773582653073,25.0,0.745,1.1400000000000001,2.285,24.04,0.0
75%,0.09402181410049529,0.08288138009298344,0.03949147943744996,0.05675980456422011,0.06746787244972276,0.059551886667506285,28.75,1.6199999999999999,1.7,3.35,57.4375,1.75
max,0.23029131559416532,0.2797941878513957,0.2009737619419829,0.12329282051035856,0.09400285531818232,0.11179245281700595,49.0,2.22,2.76,4.5,92.26,4.0
