{
    "G vs S": {
        "pocket_depth": {
            "LogisticRegression": {
                "FPR": [
                    0.0,
                    0.0,
                    0.0,
                    0.2857142857142857,
                    0.2857142857142857,
                    0.42857142857142855,
                    0.42857142857142855,
                    0.7142857142857143,
                    0.7142857142857143,
                    1.0
                ],
                "TPR": [
                    0.0,
                    0.125,
                    0.25,
                    0.25,
                    0.375,
                    0.375,
                    0.625,
                    0.625,
                    1.0,
                    1.0
                ],
                "AUC": 0.5892857142857143
            },
            "RandomForest": {
                "FPR": [
                    0.0,
                    0.0,
                    0.14285714285714285,
                    0.14285714285714285,
                    0.42857142857142855,
                    0.42857142857142855,
                    0.7142857142857143,
                    0.7142857142857143,
                    1.0
                ],
                "TPR": [
                    0.0,
                    0.125,
                    0.125,
                    0.25,
                    0.25,
                    0.5,
                    0.5,
                    0.75,
                    1.0
                ],
                "AUC": 0.4821428571428572
            },
            "SVM": {
                "FPR": [
                    0.0,
                    0.14285714285714285,
                    0.14285714285714285,
                    0.2857142857142857,
                    0.2857142857142857,
                    0.42857142857142855,
                    0.42857142857142855,
                    0.7142857142857143,
                    0.7142857142857143,
                    1.0,
                    1.0
                ],
                "TPR": [
                    0.0,
                    0.0,
                    0.25,
                    0.25,
                    0.375,
                    0.375,
                    0.625,
                    0.625,
                    0.75,
                    0.75,
                    1.0
                ],
                "AUC": 0.4821428571428572
            }
        },
        "bleeding_on_probing": {
            "LogisticRegression": {
                "FPR": [
                    0.0,
                    0.0,
                    0.0,
                    0.0,
                    0.0,
                    1.0
                ],
                "TPR": [
                    0.0,
                    0.125,
                    0.25,
                    0.5,
                    1.0,
                    1.0
                ],
                "AUC": 1.0
            },
            "RandomForest": {
                "FPR": [
                    0.0,
                    0.0,
                    1.0
                ],
                "TPR": [
                    0.0,
                    1.0,
                    1.0
                ],
                "AUC": 1.0
            },
            "SVM": {
                "FPR": [
                    0.0,
                    0.0,
                    0.0,
                    0.0,
                    1.0
                ],
                "TPR": [
                    0.0,
                    0.125,
                    0.375,
                    1.0,
                    1.0
                ],
                "AUC": 1.0
            }
        },
        "combinedTopMiRNA": {
            "LogisticRegression": {
                "FPR": [
                    0.0,
                    0.0,
                    0.14285714285714285,
                    0.14285714285714285,
                    0.42857142857142855,
                    0.42857142857142855,
                    0.7142857142857143,
                    0.7142857142857143,
                    1.0,
                    1.0
                ],
                "TPR": [
                    0.0,
                    0.125,
                    0.125,
                    0.375,
                    0.375,
                    0.5,
                    0.5,
                    0.625,
                    0.625,
                    1.0
                ],
                "AUC": 0.4464285714285714
            },
            "RandomForest": {
                "FPR": [
                    0.0,
                    0.14285714285714285,
                    0.2857142857142857,
                    0.2857142857142857,
                    0.42857142857142855,
                    0.7142857142857143,
                    1.0
                ],
                "TPR": [
                    0.0,
                    0.25,
                    0.5,
                    0.75,
                    0.75,
                    1.0,
                    1.0
                ],
                "AUC": 0.7142857142857143
            },
            "SVM": {
                "FPR": [
                    0.0,
                    0.0,
                    0.42857142857142855,
                    0.42857142857142855,
                    0.7142857142857143,
                    0.7142857142857143,
                    0.8571428571428571,
                    0.8571428571428571,
                    1.0,
                    1.0
                ],
                "TPR": [
                    0.0,
                    0.125,
                    0.125,
                    0.25,
                    0.25,
                    0.5,
                    0.5,
                    0.875,
                    0.875,
                    1.0
                ],
                "AUC": 0.32142857142857145
            }
        }
    },
    "G vs P": {
        "pocket_depth": {
            "LogisticRegression": {
                "FPR": [
                    0.0,
                    0.0,
                    0.0,
                    1.0
                ],
                "TPR": [
                    0.0,
                    0.42857142857142855,
                    1.0,
                    1.0
                ],
                "AUC": 1.0
            },
            "RandomForest": {
                "FPR": [
                    0.0,
                    0.0,
                    0.14285714285714285,
                    0.2857142857142857,
                    1.0
                ],
                "TPR": [
                    0.0,
                    0.8571428571428571,
                    1.0,
                    1.0,
                    1.0
                ],
                "AUC": 0.9897959183673469
            },
            "SVM": {
                "FPR": [
                    0.0,
                    0.0,
                    0.0,
                    0.0,
                    1.0
                ],
                "TPR": [
                    0.0,
                    0.14285714285714285,
                    0.5714285714285714,
                    1.0,
                    1.0
                ],
                "AUC": 1.0
            }
        },
        "bleeding_on_probing": {
            "LogisticRegression": {
                "FPR": [
                    0.0,
                    0.0,
                    0.0,
                    0.2857142857142857,
                    0.2857142857142857,
                    1.0
                ],
                "TPR": [
                    0.0,
                    0.14285714285714285,
                    0.5714285714285714,
                    0.5714285714285714,
                    1.0,
                    1.0
                ],
                "AUC": 0.8775510204081632
            },