AUC,Optimal Cutoff,Sensitivity,Specificity,Accuracy,PR AUC,method
1.0,0.8742432726463589,1.0,1.0,1.0,0.9999999999999998,combined_avg
1.0,0.8751428701945679,1.0,1.0,1.0,0.9999999999999998,combined_weighted
1.0,0.9387954339508073,1.0,1.0,1.0,0.9999999999999998,combined_pca
1.0,0.9898914588549425,1.0,1.0,1.0,0.9999999999999998,combined_lda
