{
    "raw": {
        "S vs G": {
            "mean_mir146a": {
                "AUC": 0.5357142857142857,
                "Optimal Cutoff": 0.42510895733217197,
                "Sensitivity": 1.0,
                "Specificity": 0.25,
                "Accuracy": 0.6,
                "PR AUC": 0.5567567353281639
            },
            "mean_mir146b": {
                "AUC": 0.6071428571428572,
                "Optimal Cutoff": 0.4734788709009133,
                "Sensitivity": 0.7142857142857143,
                "Specificity": 0.625,
                "Accuracy": 0.6666666666666666,
                "PR AUC": 0.6488529327815042
            },
            "mean_mir155": {
                "AUC": 0.42857142857142855,
                "Optimal Cutoff": 0.48737360855251244,
                "Sensitivity": 0.7142857142857143,
                "Specificity": 0.5,
                "Accuracy": 0.6,
                "PR AUC": 0.3969693005407291
            },
            "mean_mir203": {
                "AUC": 0.45535714285714285,
                "Optimal Cutoff": 0.47568755851758604,
                "Sensitivity": 0.7142857142857143,
                "Specificity": 0.5,
                "Accuracy": 0.6,
                "PR AUC": 0.4020558806273092
            },
            "mean_mir223": {
                "AUC": 0.21428571428571425,
                "Optimal Cutoff": Infinity,
                "Sensitivity": 0.0,
                "Specificity": 1.0,
                "Accuracy": 0.5333333333333333,
                "PR AUC": 0.3202898292184006
            },
            "mean_mir381p": {
                "AUC": 0.4821428571428571,
                "Optimal Cutoff": 0.4724557366610031,
                "Sensitivity": 0.8571428571428571,
                "Specificity": 0.375,
                "Accuracy": 0.6,
                "PR AUC": 0.4136514279371422
            }
        },
        "S vs P": {
            "mean_mir146a": {
                "AUC": 1.0,
                "Optimal Cutoff": 0.8423751778710257,
                "Sensitivity": 1.0,
                "Specificity": 1.0,
                "Accuracy": 1.0,
                "PR AUC": 1.0
            },
            "mean_mir146b": {
                "AUC": 1.0,
                "Optimal Cutoff": 0.8076879641688944,
                "Sensitivity": 1.0,
                "Specificity": 1.0,
                "Accuracy": 1.0,
                "PR AUC": 0.9999999999999998
            },
            "mean_mir155": {
                "AUC": 1.0,
                "Optimal Cutoff": 0.8821029082169396,
                "Sensitivity": 1.0,
                "Specificity": 1.0,
                "Accuracy": 1.0,
                "PR AUC": 0.9999999999999998
            },
            "mean_mir203": {
                "AUC": 1.0,
                "Optimal Cutoff": 0.818064577526691,
                "Sensitivity": 1.0,
                "Specificity": 1.0,
                "Accuracy": 1.0,
                "PR AUC": 0.9999999999999998
            },
            "mean_mir223": {
                "AUC": 1.0,
                "Optimal Cutoff": 0.7945030336661524,
                "Sensitivity": 1.0,
                "Specificity": 1.0,
                "Accuracy": 1.0,
                "PR AUC": 0.9999999999999998
            },
            "mean_mir381p": {
                "AUC": 1.0,
                "Optimal Cutoff": 0.8129683343021077,
                "Sensitivity": 1.0,
                "Specificity": 1.0,
                "Accuracy": 1.0,
                "PR AUC": 0.9999999999999998
            }
        },
        "G vs P": {
            "mean_mir146a": {
                "AUC": 1.0,
                "Optimal Cutoff": 0.6863730302828366,
                "Sensitivity": 1.0,
                "Specificity": 1.0,
                "Accuracy": 1.0,
                "PR AUC": 1.0
            },
            "mean_mir146b": {
                "AUC": 1.0,
                "Optimal Cutoff": 0.6495721991723313,
                "Sensitivity": 1.0,
                "Specificity": 1.0,
                "Accuracy": 1.0,
                "PR AUC": 0.9999999999999998
            },
            "mean_mir155": {
                "AUC": 1.0,
                "Optimal Cutoff": 0.7429876726430382,
                "Sensitivity": 1.0,
                "Specificity": 1.0,
                "Accuracy": 1.0,
                "PR AUC": 0.9999999999999998
            },
            "mean_mir203": {
                "AUC": 1.0,
                "Optimal Cutoff": 0.6673111776821635,
                "Sensitivity": 1.0,
                "Specificity": 1.0,
                "Accuracy": 1.0,
                "PR AUC": 0.9999999999999998
            },
            "mean_mir223": {
                "AUC": 1.0,
                "Optimal Cutoff": 0.6464510537436454,
                "Sensitivity": 1.0,
                "Specificity": 1.0,
                "Accuracy": 1.0,
                "PR AUC": 0.9999999999999998
            },
            "mean_mir381p": {
                "AUC": 1.0,
                "Optimal Cutoff": 0.6653867814954058,
                "Sensitivity": 1.0,
                "Specificity": 1.0,
                "Accuracy": 1.0,
                "PR AUC": 0.9999999999999998
            }
        }
    },
    "scaled": {
        "S vs G": {
            "mean_mir146a": {
                "AUC": 0.5357142857142857,
                "Optimal Cutoff": 0.42521201525672325,
                "Sensitivity": 1.0,
                "Specificity": 0.25,
                "Accuracy": 0.6,
                "PR AUC": 0.5567567353281639
            },
            "mean_mir146b": {
                "AUC": 0.6071428571428572,
                "Optimal Cutoff": 0.473205296262399,
                "Sensitivity": 0.7142857142857143,
                "Specificity": 0.625,
                "Accuracy": 0.6666666666666666,
                "PR AUC": 0.6488529327815042
            },
            "mean_mir155": {
                "AUC": 0.42857142857142855,
                "Optimal Cutoff": 0.4872869122453003,
                "Sensitivity": 0.7142857142857143,
                "Specificity": 0.5,
                "Accuracy": 0.6,
                "PR AUC": 0.3969693005407291
            },
            "mean_mir203": {
                "AUC": 0.45535714285714285,
                "Optimal Cutoff": 0.4755949934839938,
                "Sensitivity": 0.7142857142857143,
                "Specificity": 0.5,
                "Accuracy": 0.6,
                "PR AUC": 0.4020558806273092
            },
            "mean_mir223": {
                "AUC": 0.21428571428571425,
                "Optimal Cutoff": Infinity,
                "Sensitivity": 0.0,
                "Specificity": 1.0,
                "Accuracy": 0.5333333333333333,
                "PR AUC": 0.3202898292184006
            },
            "mean_mir381p": {
                "AUC": 0.4821428571428571,
                "Optimal Cutoff": 0.47349580817266845,
                "Sensitivity": 0.8571428571428571,
                "Specificity": 0.375,
                "Accuracy": 0.6,
                "PR AUC": 0.4136514279371422
            }
        },
        "S vs P": {
            "mean_mir146a": {
                "AUC": 1.0,
                "Optimal Cutoff": 0.84195699144031,
                "Sensitivity": 1.0,
                "Specificity": 1.0,
                "Accuracy": 1.0,
                "PR AUC": 1.0
            },
            "mean_mir146b": {
                "AUC": 1.0,
                "Optimal Cutoff": 0.8091437724824289,
                "Sensitivity": 1.0,
                "Specificity": 1.0,
                "Accuracy": 1.0,
                "PR AUC": 0.9999999999999998
            },
            "mean_mir155": {
                "AUC": 1.0,
                "Optimal Cutoff": 0.8837806351100538,
                "Sensitivity": 1.0,
                "Specificity": 1.0,
                "Accuracy": 1.0,
                "PR AUC": 0.9999999999999998
            },