AUC,Optimal Cutoff,Sensitivity,Specificity,Accuracy,PR AUC,method
0.4821428571428571,0.4479861447155989,0.7142857142857143,0.5,0.6,0.4235106163677592,combined_top_raw_scaled
