,combined_raw,AGE,plaque_index,gingival_index,pocket_depth,bleeding_on_probing,number_of_missing_teeth
combined_raw,1.0,-0.5336340098119946,-0.7135919209376076,-0.6765607649799388,-0.7963320974203715,-0.7757396776856883,-0.2394575268885512
AGE,-0.5336340098119946,1.0,0.40634698395969954,0.448122326180706,0.6117150442055406,0.5693298282056847,0.2527001724667739
plaque_index,-0.7135919209376076,0.40634698395969954,1.0,0.8756867641924319,0.7339124550612539,0.8478063024575194,0.24479785095129325
gingival_index,-0.6765607649799388,0.448122326180706,0.8756867641924319,1.0,0.7294943876927129,0.8832108270883063,0.22875263065114598
pocket_depth,-0.7963320974203715,0.6117150442055406,0.7339124550612539,0.7294943876927129,1.0,0.8090970240222338,0.3703748953872685
bleeding_on_probing,-0.7757396776856883,0.5693298282056847,0.8478063024575194,0.8832108270883063,0.8090970240222338,1.0,0.2689017072233145
number_of_missing_teeth,-0.2394575268885512,0.2527001724667739,0.24479785095129325,0.22875263065114598,0.3703748953872685,0.2689017072233145,1.0
