ANOVA_F,ANOVA_p
190.1557984607637,1.2483980015638694e-35
