Component,Explained Variance Ratio
LD1,0.9866931203597519
LD2,0.013306879640248126
