miRNA,H-statistic,p-value,Post Hoc p-values
mean_mir146a,44.14926048881444,2.5888679249225185e-10,"          G             P             S
G  1.000000  1.326487e-05  3.676761e-02
P  0.000013  1.000000e+00  2.526583e-10
S  0.036768  2.526583e-10  1.000000e+00"
mean_mir146b,45.23421726891863,1.5049238448337028e-10,"          G             P             S
G  1.000000  3.919644e-05  1.331188e-02
P  0.000039  1.000000e+00  9.216454e-11
S  0.013312  9.216454e-11  1.000000e+00"
mean_mir155,45.946984445110864,1.0537536639489616e-10,"          G             P             S
G  1.000000  1.887010e-05  1.937808e-02
P  0.000019  1.000000e+00  7.833484e-11
S  0.019378  7.833484e-11  1.000000e+00"
mean_mir203,39.08939534900147,3.2497178020904504e-09,"          G             P             S
G  1.000000  1.915684e-06  3.012633e-01
P  0.000002  1.000000e+00  1.620151e-08
S  0.301263  1.620151e-08  1.000000e+00"
mean_mir223,43.16619389633086,4.232335556813439e-10,"          G             P             S
G  1.000000  2.158002e-06  1.363019e-01
P  0.000002  1.000000e+00  1.105541e-09
S  0.136302  1.105541e-09  1.000000e+00"
mean_mir381p,44.19904375379275,2.5252221853247534e-10,"              G             P             S
G  1.000000e+00  5.819024e-07  2.242671e-01
P  5.819024e-07  1.000000e+00  1.268706e-09
S  2.242671e-01  1.268706e-09  1.000000e+00"
