Component,Explained Variance Ratio
PC1,0.9879723206466092
PC2,0.004746319739870727
PC3,0.002470273553319397
PC4,0.001859713769934468
PC5,0.001562099855336609
PC6,0.0013892724349295925
