,AUC,Optimal Cutoff,Sensitivity,Specificity,Accuracy,PR AUC
mean_mir146a,1.0,0.8423751778710257,1.0,1.0,1.0,1.0
mean_mir146b,1.0,0.8076879641688944,1.0,1.0,1.0,0.9999999999999998
mean_mir155,1.0,0.8821029082169396,1.0,1.0,1.0,0.9999999999999998
mean_mir203,1.0,0.818064577526691,1.0,1.0,1.0,0.9999999999999998
mean_mir223,1.0,0.7945030336661524,1.0,1.0,1.0,0.9999999999999998
mean_mir381p,1.0,0.8129683343021077,1.0,1.0,1.0,0.9999999999999998
