AUC,Optimal Cutoff,Sensitivity,Specificity,Accuracy,PR AUC,miRNA
1.0,0.6863730302828366,1.0,1.0,1.0,1.0,mean_mir146a
1.0,0.6495721991723313,1.0,1.0,1.0,0.9999999999999998,mean_mir146b
1.0,0.7429876726430382,1.0,1.0,1.0,0.9999999999999998,mean_mir155
1.0,0.6673111776821635,1.0,1.0,1.0,0.9999999999999998,mean_mir203
1.0,0.6464510537436454,1.0,1.0,1.0,0.9999999999999998,mean_mir223
1.0,0.6653867814954058,1.0,1.0,1.0,0.9999999999999998,mean_mir381p
